event_id,athlete,platform,timed_to_major_event,state,state_event,month,k,handle,log_handle
Charles Barkley x FanDuel (2020-12),Charles Barkley,FanDuel,False,CO,CO__Charles Barkley x FanDuel (2020-12),2020-06-01,-6,38136949,17.456694160180636
Charles Barkley x FanDuel (2020-12),Charles Barkley,FanDuel,False,CO,CO__Charles Barkley x FanDuel (2020-12),2020-07-01,-5,59183620,17.89615537237953
Charles Barkley x FanDuel (2020-12),Charles Barkley,FanDuel,False,CO,CO__Charles Barkley x FanDuel (2020-12),2020-08-01,-4,128646209,18.672576628710242
Charles Barkley x FanDuel (2020-12),Charles Barkley,FanDuel,False,CO,CO__Charles Barkley x FanDuel (2020-12),2020-09-01,-3,207655943,19.151393147905985
Charles Barkley x FanDuel (2020-12),Charles Barkley,FanDuel,False,CO,CO__Charles Barkley x FanDuel (2020-12),2020-10-01,-2,210719821,19.166039946490397
Charles Barkley x FanDuel (2020-12),Charles Barkley,FanDuel,False,CO,CO__Charles Barkley x FanDuel (2020-12),2020-11-01,-1,231238842,19.25896168238189
Charles Barkley x FanDuel (2020-12),Charles Barkley,FanDuel,False,CO,CO__Charles Barkley x FanDuel (2020-12),2020-12-01,0,284551472,19.46642471608033
Charles Barkley x FanDuel (2020-12),Charles Barkley,FanDuel,False,CO,CO__Charles Barkley x FanDuel (2020-12),2021-01-01,1,326903462,19.605175462032978
Charles Barkley x FanDuel (2020-12),Charles Barkley,FanDuel,False,CO,CO__Charles Barkley x FanDuel (2020-12),2021-02-01,2,266549207,19.401069426177035
Charles Barkley x FanDuel (2020-12),Charles Barkley,FanDuel,False,CO,CO__Charles Barkley x FanDuel (2020-12),2021-03-01,3,300990842,19.522590397001125
Charles Barkley x FanDuel (2020-12),Charles Barkley,FanDuel,False,CO,CO__Charles Barkley x FanDuel (2020-12),2021-04-01,4,244446760,19.31450809265687
Charles Barkley x FanDuel (2020-12),Charles Barkley,FanDuel,False,CO,CO__Charles Barkley x FanDuel (2020-12),2021-05-01,5,248968193,19.332835707313844
Charles Barkley x FanDuel (2020-12),Charles Barkley,FanDuel,False,CO,CO__Charles Barkley x FanDuel (2020-12),2021-06-01,6,229764688,19.2525662475157
Charles Barkley x FanDuel (2020-12),Charles Barkley,FanDuel,False,CO,CO__Charles Barkley x FanDuel (2020-12),2021-07-01,7,181327995,19.015818076380526
Charles Barkley x FanDuel (2020-12),Charles Barkley,FanDuel,False,CO,CO__Charles Barkley x FanDuel (2020-12),2021-08-01,8,211918185,19.17171083833875
Charles Barkley x FanDuel (2020-12),Charles Barkley,FanDuel,False,CO,CO__Charles Barkley x FanDuel (2020-12),2021-09-01,9,408314625,19.827548574898863
Charles Barkley x FanDuel (2020-12),Charles Barkley,FanDuel,False,CO,CO__Charles Barkley x FanDuel (2020-12),2021-10-01,10,491453342,20.01287756323866
Charles Barkley x FanDuel (2020-12),Charles Barkley,FanDuel,False,CO,CO__Charles Barkley x FanDuel (2020-12),2021-11-01,11,475441229,19.979753833993257
Charles Barkley x FanDuel (2020-12),Charles Barkley,FanDuel,False,CO,CO__Charles Barkley x FanDuel (2020-12),2021-12-01,12,461448574,19.94988117341212
Jamie Foxx x BetMGM (2023-09),Jamie Foxx,BetMGM,True,AZ,AZ__Jamie Foxx x BetMGM (2023-09),2023-03-01,-6,644763991,20.284394902373965
Jamie Foxx x BetMGM (2023-09),Jamie Foxx,BetMGM,True,AZ,AZ__Jamie Foxx x BetMGM (2023-09),2023-04-01,-5,535712027,20.099107311597862
Jamie Foxx x BetMGM (2023-09),Jamie Foxx,BetMGM,True,AZ,AZ__Jamie Foxx x BetMGM (2023-09),2023-05-01,-4,451717025,19.928566490859865
Jamie Foxx x BetMGM (2023-09),Jamie Foxx,BetMGM,True,AZ,AZ__Jamie Foxx x BetMGM (2023-09),2023-06-01,-3,393198858,19.789826041858703
Jamie Foxx x BetMGM (2023-09),Jamie Foxx,BetMGM,True,AZ,AZ__Jamie Foxx x BetMGM (2023-09),2023-07-01,-2,323211485,19.59381741925213
Jamie Foxx x BetMGM (2023-09),Jamie Foxx,BetMGM,True,AZ,AZ__Jamie Foxx x BetMGM (2023-09),2023-08-01,-1,358875474,19.69848601719878
Jamie Foxx x BetMGM (2023-09),Jamie Foxx,BetMGM,True,AZ,AZ__Jamie Foxx x BetMGM (2023-09),2023-09-01,0,610716285,20.230143063958675
Jamie Foxx x BetMGM (2023-09),Jamie Foxx,BetMGM,True,AZ,AZ__Jamie Foxx x BetMGM (2023-09),2023-10-01,1,648208573,20.289723074440477
Jamie Foxx x BetMGM (2023-09),Jamie Foxx,BetMGM,True,AZ,AZ__Jamie Foxx x BetMGM (2023-09),2023-11-01,2,713586704,20.385814506769496
Jamie Foxx x BetMGM (2023-09),Jamie Foxx,BetMGM,True,AZ,AZ__Jamie Foxx x BetMGM (2023-09),2023-12-01,3,693310960,20.356989172240095
Jamie Foxx x BetMGM (2023-09),Jamie Foxx,BetMGM,True,AZ,AZ__Jamie Foxx x BetMGM (2023-09),2024-01-01,4,706382861,20.375667944502155
Jamie Foxx x BetMGM (2023-09),Jamie Foxx,BetMGM,True,AZ,AZ__Jamie Foxx x BetMGM (2023-09),2024-02-01,5,637485879,20.273042684163293
Jamie Foxx x BetMGM (2023-09),Jamie Foxx,BetMGM,True,AZ,AZ__Jamie Foxx x BetMGM (2023-09),2024-03-01,6,759807633,20.44857584473209
Jamie Foxx x BetMGM (2023-09),Jamie Foxx,BetMGM,True,AZ,AZ__Jamie Foxx x BetMGM (2023-09),2024-04-01,7,656322666,20.302163094882946
Jamie Foxx x BetMGM (2023-09),Jamie Foxx,BetMGM,True,AZ,AZ__Jamie Foxx x BetMGM (2023-09),2024-05-01,8,568493315,20.158500112070776
Jamie Foxx x BetMGM (2023-09),Jamie Foxx,BetMGM,True,AZ,AZ__Jamie Foxx x BetMGM (2023-09),2024-06-01,9,454116117,19.933863487620684
Jamie Foxx x BetMGM (2023-09),Jamie Foxx,BetMGM,True,AZ,AZ__Jamie Foxx x BetMGM (2023-09),2024-07-01,10,410140440,19.832010195595732
Jamie Foxx x BetMGM (2023-09),Jamie Foxx,BetMGM,True,AZ,AZ__Jamie Foxx x BetMGM (2023-09),2024-08-01,11,496602562,20.02330059010679
Jamie Foxx x BetMGM (2023-09),Jamie Foxx,BetMGM,True,AZ,AZ__Jamie Foxx x BetMGM (2023-09),2024-09-01,12,732099544,20.411427051750948
Jamie Foxx x BetMGM (2023-09),Jamie Foxx,BetMGM,True,CO,CO__Jamie Foxx x BetMGM (2023-09),2023-03-01,-6,494440210,20.018936791706725
Jamie Foxx x BetMGM (2023-09),Jamie Foxx,BetMGM,True,CO,CO__Jamie Foxx x BetMGM (2023-09),2023-04-01,-5,417814147,19.850547267212377
Jamie Foxx x BetMGM (2023-09),Jamie Foxx,BetMGM,True,CO,CO__Jamie Foxx x BetMGM (2023-09),2023-05-01,-4,385242136,19.769382619237142
Jamie Foxx x BetMGM (2023-09),Jamie Foxx,BetMGM,True,CO,CO__Jamie Foxx x BetMGM (2023-09),2023-06-01,-3,310656478,19.554198287306612
Jamie Foxx x BetMGM (2023-09),Jamie Foxx,BetMGM,True,CO,CO__Jamie Foxx x BetMGM (2023-09),2023-07-01,-2,281110490,19.454258352861014
Jamie Foxx x BetMGM (2023-09),Jamie Foxx,BetMGM,True,CO,CO__Jamie Foxx x BetMGM (2023-09),2023-08-01,-1,306065791,19.53931064007474
Jamie Foxx x BetMGM (2023-09),Jamie Foxx,BetMGM,True,CO,CO__Jamie Foxx x BetMGM (2023-09),2023-09-01,0,512792794,20.05538241120991
Jamie Foxx x BetMGM (2023-09),Jamie Foxx,BetMGM,True,CO,CO__Jamie Foxx x BetMGM (2023-09),2023-10-01,1,554859801,20.13422602898841
Jamie Foxx x BetMGM (2023-09),Jamie Foxx,BetMGM,True,CO,CO__Jamie Foxx x BetMGM (2023-09),2023-11-01,2,608488266,20.22648818672195
Jamie Foxx x BetMGM (2023-09),Jamie Foxx,BetMGM,True,CO,CO__Jamie Foxx x BetMGM (2023-09),2023-12-01,3,716430270,20.389791480189523
Jamie Foxx x BetMGM (2023-09),Jamie Foxx,BetMGM,True,CO,CO__Jamie Foxx x BetMGM (2023-09),2024-01-01,4,596685968,20.20690151621111
Jamie Foxx x BetMGM (2023-09),Jamie Foxx,BetMGM,True,CO,CO__Jamie Foxx x BetMGM (2023-09),2024-02-01,5,536988261,20.101486791899003
Jamie Foxx x BetMGM (2023-09),Jamie Foxx,BetMGM,True,CO,CO__Jamie Foxx x BetMGM (2023-09),2024-03-01,6,593094977,20.200865107712225
Jamie Foxx x BetMGM (2023-09),Jamie Foxx,BetMGM,True,CO,CO__Jamie Foxx x BetMGM (2023-09),2024-04-01,7,509508228,20.048956559662507
Jamie Foxx x BetMGM (2023-09),Jamie Foxx,BetMGM,True,CO,CO__Jamie Foxx x BetMGM (2023-09),2024-05-01,8,447561934,19.91932548610279
Jamie Foxx x BetMGM (2023-09),Jamie Foxx,BetMGM,True,CO,CO__Jamie Foxx x BetMGM (2023-09),2024-06-01,9,350425610,19.674659002255265
Jamie Foxx x BetMGM (2023-09),Jamie Foxx,BetMGM,True,CO,CO__Jamie Foxx x BetMGM (2023-09),2024-07-01,10,320396841,19.58507091355931
Jamie Foxx x BetMGM (2023-09),Jamie Foxx,BetMGM,True,CO,CO__Jamie Foxx x BetMGM (2023-09),2024-08-01,11,372378664,19.735421808492784
Jamie Foxx x BetMGM (2023-09),Jamie Foxx,BetMGM,True,CO,CO__Jamie Foxx x BetMGM (2023-09),2024-09-01,12,562923090,20.14865356931228
Kevin Hart x DraftKings (2023-08),Kevin Hart,DraftKings,True,AZ,AZ__Kevin Hart x DraftKings (2023-08),2023-02-01,-6,609278096,20.227785365122337
Kevin Hart x DraftKings (2023-08),Kevin Hart,DraftKings,True,AZ,AZ__Kevin Hart x DraftKings (2023-08),2023-03-01,-5,644763991,20.284394902373965
Kevin Hart x DraftKings (2023-08),Kevin Hart,DraftKings,True,AZ,AZ__Kevin Hart x DraftKings (2023-08),2023-04-01,-4,535712027,20.099107311597862
Kevin Hart x DraftKings (2023-08),Kevin Hart,DraftKings,True,AZ,AZ__Kevin Hart x DraftKings (2023-08),2023-05-01,-3,451717025,19.928566490859865
Kevin Hart x DraftKings (2023-08),Kevin Hart,DraftKings,True,AZ,AZ__Kevin Hart x DraftKings (2023-08),2023-06-01,-2,393198858,19.789826041858703
Kevin Hart x DraftKings (2023-08),Kevin Hart,DraftKings,True,AZ,AZ__Kevin Hart x DraftKings (2023-08),2023-07-01,-1,323211485,19.59381741925213
Kevin Hart x DraftKings (2023-08),Kevin Hart,DraftKings,True,AZ,AZ__Kevin Hart x DraftKings (2023-08),2023-08-01,0,358875474,19.69848601719878
Kevin Hart x DraftKings (2023-08),Kevin Hart,DraftKings,True,AZ,AZ__Kevin Hart x DraftKings (2023-08),2023-09-01,1,610716285,20.230143063958675
Kevin Hart x DraftKings (2023-08),Kevin Hart,DraftKings,True,AZ,AZ__Kevin Hart x DraftKings (2023-08),2023-10-01,2,648208573,20.289723074440477
Kevin Hart x DraftKings (2023-08),Kevin Hart,DraftKings,True,AZ,AZ__Kevin Hart x DraftKings (2023-08),2023-11-01,3,713586704,20.385814506769496
Kevin Hart x DraftKings (2023-08),Kevin Hart,DraftKings,True,AZ,AZ__Kevin Hart x DraftKings (2023-08),2023-12-01,4,693310960,20.356989172240095
Kevin Hart x DraftKings (2023-08),Kevin Hart,DraftKings,True,AZ,AZ__Kevin Hart x DraftKings (2023-08),2024-01-01,5,706382861,20.375667944502155
Kevin Hart x DraftKings (2023-08),Kevin Hart,DraftKings,True,AZ,AZ__Kevin Hart x DraftKings (2023-08),2024-02-01,6,637485879,20.273042684163293
Kevin Hart x DraftKings (2023-08),Kevin Hart,DraftKings,True,AZ,AZ__Kevin Hart x DraftKings (2023-08),2024-03-01,7,759807633,20.44857584473209
Kevin Hart x DraftKings (2023-08),Kevin Hart,DraftKings,True,AZ,AZ__Kevin Hart x DraftKings (2023-08),2024-04-01,8,656322666,20.302163094882946
Kevin Hart x DraftKings (2023-08),Kevin Hart,DraftKings,True,AZ,AZ__Kevin Hart x DraftKings (2023-08),2024-05-01,9,568493315,20.158500112070776
Kevin Hart x DraftKings (2023-08),Kevin Hart,DraftKings,True,AZ,AZ__Kevin Hart x DraftKings (2023-08),2024-06-01,10,454116117,19.933863487620684
Kevin Hart x DraftKings (2023-08),Kevin Hart,DraftKings,True,AZ,AZ__Kevin Hart x DraftKings (2023-08),2024-07-01,11,410140440,19.832010195595732
Kevin Hart x DraftKings (2023-08),Kevin Hart,DraftKings,True,AZ,AZ__Kevin Hart x DraftKings (2023-08),2024-08-01,12,496602562,20.02330059010679
Kevin Hart x DraftKings (2023-08),Kevin Hart,DraftKings,True,CO,CO__Kevin Hart x DraftKings (2023-08),2023-02-01,-6,425142877,19.86793585156893
Kevin Hart x DraftKings (2023-08),Kevin Hart,DraftKings,True,CO,CO__Kevin Hart x DraftKings (2023-08),2023-03-01,-5,494440210,20.018936791706725
Kevin Hart x DraftKings (2023-08),Kevin Hart,DraftKings,True,CO,CO__Kevin Hart x DraftKings (2023-08),2023-04-01,-4,417814147,19.850547267212377
Kevin Hart x DraftKings (2023-08),Kevin Hart,DraftKings,True,CO,CO__Kevin Hart x DraftKings (2023-08),2023-05-01,-3,385242136,19.769382619237142
Kevin Hart x DraftKings (2023-08),Kevin Hart,DraftKings,True,CO,CO__Kevin Hart x DraftKings (2023-08),2023-06-01,-2,310656478,19.554198287306612
Kevin Hart x DraftKings (2023-08),Kevin Hart,DraftKings,True,CO,CO__Kevin Hart x DraftKings (2023-08),2023-07-01,-1,281110490,19.454258352861014
Kevin Hart x DraftKings (2023-08),Kevin Hart,DraftKings,True,CO,CO__Kevin Hart x DraftKings (2023-08),2023-08-01,0,306065791,19.53931064007474
Kevin Hart x DraftKings (2023-08),Kevin Hart,DraftKings,True,CO,CO__Kevin Hart x DraftKings (2023-08),2023-09-01,1,512792794,20.05538241120991
Kevin Hart x DraftKings (2023-08),Kevin Hart,DraftKings,True,CO,CO__Kevin Hart x DraftKings (2023-08),2023-10-01,2,554859801,20.13422602898841
Kevin Hart x DraftKings (2023-08),Kevin Hart,DraftKings,True,CO,CO__Kevin Hart x DraftKings (2023-08),2023-11-01,3,608488266,20.22648818672195
Kevin Hart x DraftKings (2023-08),Kevin Hart,DraftKings,True,CO,CO__Kevin Hart x DraftKings (2023-08),2023-12-01,4,716430270,20.389791480189523
Kevin Hart x DraftKings (2023-08),Kevin Hart,DraftKings,True,CO,CO__Kevin Hart x DraftKings (2023-08),2024-01-01,5,596685968,20.20690151621111
Kevin Hart x DraftKings (2023-08),Kevin Hart,DraftKings,True,CO,CO__Kevin Hart x DraftKings (2023-08),2024-02-01,6,536988261,20.101486791899003
Kevin Hart x DraftKings (2023-08),Kevin Hart,DraftKings,True,CO,CO__Kevin Hart x DraftKings (2023-08),2024-03-01,7,593094977,20.200865107712225
Kevin Hart x DraftKings (2023-08),Kevin Hart,DraftKings,True,CO,CO__Kevin Hart x DraftKings (2023-08),2024-04-01,8,509508228,20.048956559662507
Kevin Hart x DraftKings (2023-08),Kevin Hart,DraftKings,True,CO,CO__Kevin Hart x DraftKings (2023-08),2024-05-01,9,447561934,19.91932548610279
Kevin Hart x DraftKings (2023-08),Kevin Hart,DraftKings,True,CO,CO__Kevin Hart x DraftKings (2023-08),2024-06-01,10,350425610,19.674659002255265
Kevin Hart x DraftKings (2023-08),Kevin Hart,DraftKings,True,CO,CO__Kevin Hart x DraftKings (2023-08),2024-07-01,11,320396841,19.58507091355931
Kevin Hart x DraftKings (2023-08),Kevin Hart,DraftKings,True,CO,CO__Kevin Hart x DraftKings (2023-08),2024-08-01,12,372378664,19.735421808492784
Kevin Hart x DraftKings (2023-08),Kevin Hart,DraftKings,True,CT,CT__Kevin Hart x DraftKings (2023-08),2023-02-01,-6,136508300,18.731895976601493
Kevin Hart x DraftKings (2023-08),Kevin Hart,DraftKings,True,CT,CT__Kevin Hart x DraftKings (2023-08),2023-03-01,-5,159997579,18.890669241833624
Kevin Hart x DraftKings (2023-08),Kevin Hart,DraftKings,True,CT,CT__Kevin Hart x DraftKings (2023-08),2023-04-01,-4,126683869,18.657205320690274
Kevin Hart x DraftKings (2023-08),Kevin Hart,DraftKings,True,CT,CT__Kevin Hart x DraftKings (2023-08),2023-05-01,-3,109421369,18.51071675794556
Kevin Hart x DraftKings (2023-08),Kevin Hart,DraftKings,True,CT,CT__Kevin Hart x DraftKings (2023-08),2023-06-01,-2,91414677,18.33091660340152
Kevin Hart x DraftKings (2023-08),Kevin Hart,DraftKings,True,CT,CT__Kevin Hart x DraftKings (2023-08),2023-07-01,-1,91512897,18.331990471132787
Kevin Hart x DraftKings (2023-08),Kevin Hart,DraftKings,True,CT,CT__Kevin Hart x DraftKings (2023-08),2023-08-01,0,91316807,18.32984541405619
Kevin Hart x DraftKings (2023-08),Kevin Hart,DraftKings,True,CT,CT__Kevin Hart x DraftKings (2023-08),2023-09-01,1,180954956,19.013758696380393
Kevin Hart x DraftKings (2023-08),Kevin Hart,DraftKings,True,CT,CT__Kevin Hart x DraftKings (2023-08),2023-10-01,2,189626160,19.06056511295111
Kevin Hart x DraftKings (2023-08),Kevin Hart,DraftKings,True,CT,CT__Kevin Hart x DraftKings (2023-08),2023-11-01,3,205736989,19.14210915858388
Kevin Hart x DraftKings (2023-08),Kevin Hart,DraftKings,True,CT,CT__Kevin Hart x DraftKings (2023-08),2023-12-01,4,212171045,19.172903323372925
Kevin Hart x DraftKings (2023-08),Kevin Hart,DraftKings,True,CT,CT__Kevin Hart x DraftKings (2023-08),2024-01-01,5,202752249,19.127495343376697
Kevin Hart x DraftKings (2023-08),Kevin Hart,DraftKings,True,CT,CT__Kevin Hart x DraftKings (2023-08),2024-02-01,6,162841632,18.90828870365642
Kevin Hart x DraftKings (2023-08),Kevin Hart,DraftKings,True,CT,CT__Kevin Hart x DraftKings (2023-08),2024-03-01,7,187815980,19.050973211640276
Kevin Hart x DraftKings (2023-08),Kevin Hart,DraftKings,True,CT,CT__Kevin Hart x DraftKings (2023-08),2024-04-01,8,154109876,18.85317638649116
Kevin Hart x DraftKings (2023-08),Kevin Hart,DraftKings,True,CT,CT__Kevin Hart x DraftKings (2023-08),2024-05-01,9,163648829,18.913233403371045
Kevin Hart x DraftKings (2023-08),Kevin Hart,DraftKings,True,CT,CT__Kevin Hart x DraftKings (2023-08),2024-06-01,10,148557056,18.816479657903376
Kevin Hart x DraftKings (2023-08),Kevin Hart,DraftKings,True,CT,CT__Kevin Hart x DraftKings (2023-08),2024-07-01,11,121808571,18.617961280222385
Kevin Hart x DraftKings (2023-08),Kevin Hart,DraftKings,True,CT,CT__Kevin Hart x DraftKings (2023-08),2024-08-01,12,129150001,18.67648508524906
Peyton & Eli Manning x Caesars Sportsbook (2021-11),Peyton & Eli Manning,Caesars Sportsbook,False,AZ,AZ__Peyton & Eli Manning x Caesars Sportsbook (2021-11),2021-09-01,-2,291212868,19.489565062870916
Peyton & Eli Manning x Caesars Sportsbook (2021-11),Peyton & Eli Manning,Caesars Sportsbook,False,AZ,AZ__Peyton & Eli Manning x Caesars Sportsbook (2021-11),2021-10-01,-1,486097352,20.001919474562047
Peyton & Eli Manning x Caesars Sportsbook (2021-11),Peyton & Eli Manning,Caesars Sportsbook,False,AZ,AZ__Peyton & Eli Manning x Caesars Sportsbook (2021-11),2021-11-01,0,466725687,19.961252249045444
Peyton & Eli Manning x Caesars Sportsbook (2021-11),Peyton & Eli Manning,Caesars Sportsbook,False,AZ,AZ__Peyton & Eli Manning x Caesars Sportsbook (2021-11),2021-12-01,1,499213733,20.028544884657123
Peyton & Eli Manning x Caesars Sportsbook (2021-11),Peyton & Eli Manning,Caesars Sportsbook,False,AZ,AZ__Peyton & Eli Manning x Caesars Sportsbook (2021-11),2022-01-01,2,563694591,20.15002315747623
Peyton & Eli Manning x Caesars Sportsbook (2021-11),Peyton & Eli Manning,Caesars Sportsbook,False,AZ,AZ__Peyton & Eli Manning x Caesars Sportsbook (2021-11),2022-02-01,3,491665554,20.013309275016677
Peyton & Eli Manning x Caesars Sportsbook (2021-11),Peyton & Eli Manning,Caesars Sportsbook,False,AZ,AZ__Peyton & Eli Manning x Caesars Sportsbook (2021-11),2022-03-01,4,690979294,20.35362041601525
Peyton & Eli Manning x Caesars Sportsbook (2021-11),Peyton & Eli Manning,Caesars Sportsbook,False,AZ,AZ__Peyton & Eli Manning x Caesars Sportsbook (2021-11),2022-04-01,5,512877848,20.0555482617212
Peyton & Eli Manning x Caesars Sportsbook (2021-11),Peyton & Eli Manning,Caesars Sportsbook,False,AZ,AZ__Peyton & Eli Manning x Caesars Sportsbook (2021-11),2022-05-01,6,461450688,19.949885754627182
Peyton & Eli Manning x Caesars Sportsbook (2021-11),Peyton & Eli Manning,Caesars Sportsbook,False,AZ,AZ__Peyton & Eli Manning x Caesars Sportsbook (2021-11),2022-06-01,7,318774198,19.57999356684961
Peyton & Eli Manning x Caesars Sportsbook (2021-11),Peyton & Eli Manning,Caesars Sportsbook,False,AZ,AZ__Peyton & Eli Manning x Caesars Sportsbook (2021-11),2022-07-01,8,290511533,19.487153833984546
Peyton & Eli Manning x Caesars Sportsbook (2021-11),Peyton & Eli Manning,Caesars Sportsbook,False,AZ,AZ__Peyton & Eli Manning x Caesars Sportsbook (2021-11),2022-08-01,9,361008835,19.70441298968189
Peyton & Eli Manning x Caesars Sportsbook (2021-11),Peyton & Eli Manning,Caesars Sportsbook,False,AZ,AZ__Peyton & Eli Manning x Caesars Sportsbook (2021-11),2022-09-01,10,537966149,20.103306196072158
Peyton & Eli Manning x Caesars Sportsbook (2021-11),Peyton & Eli Manning,Caesars Sportsbook,False,AZ,AZ__Peyton & Eli Manning x Caesars Sportsbook (2021-11),2022-10-01,11,618570296,20.242921398956938
Peyton & Eli Manning x Caesars Sportsbook (2021-11),Peyton & Eli Manning,Caesars Sportsbook,False,AZ,AZ__Peyton & Eli Manning x Caesars Sportsbook (2021-11),2022-11-01,12,616855045,20.240144619097894
Peyton & Eli Manning x Caesars Sportsbook (2021-11),Peyton & Eli Manning,Caesars Sportsbook,False,CO,CO__Peyton & Eli Manning x Caesars Sportsbook (2021-11),2021-05-01,-6,248968193,19.332835707313844
Peyton & Eli Manning x Caesars Sportsbook (2021-11),Peyton & Eli Manning,Caesars Sportsbook,False,CO,CO__Peyton & Eli Manning x Caesars Sportsbook (2021-11),2021-06-01,-5,229764688,19.2525662475157
Peyton & Eli Manning x Caesars Sportsbook (2021-11),Peyton & Eli Manning,Caesars Sportsbook,False,CO,CO__Peyton & Eli Manning x Caesars Sportsbook (2021-11),2021-07-01,-4,181327995,19.015818076380526
Peyton & Eli Manning x Caesars Sportsbook (2021-11),Peyton & Eli Manning,Caesars Sportsbook,False,CO,CO__Peyton & Eli Manning x Caesars Sportsbook (2021-11),2021-08-01,-3,211918185,19.17171083833875
Peyton & Eli Manning x Caesars Sportsbook (2021-11),Peyton & Eli Manning,Caesars Sportsbook,False,CO,CO__Peyton & Eli Manning x Caesars Sportsbook (2021-11),2021-09-01,-2,408314625,19.827548574898863
Peyton & Eli Manning x Caesars Sportsbook (2021-11),Peyton & Eli Manning,Caesars Sportsbook,False,CO,CO__Peyton & Eli Manning x Caesars Sportsbook (2021-11),2021-10-01,-1,491453342,20.01287756323866
Peyton & Eli Manning x Caesars Sportsbook (2021-11),Peyton & Eli Manning,Caesars Sportsbook,False,CO,CO__Peyton & Eli Manning x Caesars Sportsbook (2021-11),2021-11-01,0,475441229,19.979753833993257
Peyton & Eli Manning x Caesars Sportsbook (2021-11),Peyton & Eli Manning,Caesars Sportsbook,False,CO,CO__Peyton & Eli Manning x Caesars Sportsbook (2021-11),2021-12-01,1,461448574,19.94988117341212
Peyton & Eli Manning x Caesars Sportsbook (2021-11),Peyton & Eli Manning,Caesars Sportsbook,False,CO,CO__Peyton & Eli Manning x Caesars Sportsbook (2021-11),2022-01-01,2,573720213,20.16765240165146
Peyton & Eli Manning x Caesars Sportsbook (2021-11),Peyton & Eli Manning,Caesars Sportsbook,False,CO,CO__Peyton & Eli Manning x Caesars Sportsbook (2021-11),2022-02-01,3,440508421,19.903440120070382
Peyton & Eli Manning x Caesars Sportsbook (2021-11),Peyton & Eli Manning,Caesars Sportsbook,False,CO,CO__Peyton & Eli Manning x Caesars Sportsbook (2021-11),2022-03-01,4,505611080,20.041278315113765
Peyton & Eli Manning x Caesars Sportsbook (2021-11),Peyton & Eli Manning,Caesars Sportsbook,False,CO,CO__Peyton & Eli Manning x Caesars Sportsbook (2021-11),2022-04-01,5,392311737,19.787567329162005
Peyton & Eli Manning x Caesars Sportsbook (2021-11),Peyton & Eli Manning,Caesars Sportsbook,False,CO,CO__Peyton & Eli Manning x Caesars Sportsbook (2021-11),2022-05-01,6,360325438,19.70251817550198
Peyton & Eli Manning x Caesars Sportsbook (2021-11),Peyton & Eli Manning,Caesars Sportsbook,False,CO,CO__Peyton & Eli Manning x Caesars Sportsbook (2021-11),2022-06-01,7,313215081,19.56240067226268
Peyton & Eli Manning x Caesars Sportsbook (2021-11),Peyton & Eli Manning,Caesars Sportsbook,False,CO,CO__Peyton & Eli Manning x Caesars Sportsbook (2021-11),2022-07-01,8,258414808,19.370076634732314
Peyton & Eli Manning x Caesars Sportsbook (2021-11),Peyton & Eli Manning,Caesars Sportsbook,False,CO,CO__Peyton & Eli Manning x Caesars Sportsbook (2021-11),2022-08-01,9,290107970,19.485763721999323
Peyton & Eli Manning x Caesars Sportsbook (2021-11),Peyton & Eli Manning,Caesars Sportsbook,False,CO,CO__Peyton & Eli Manning x Caesars Sportsbook (2021-11),2022-09-01,10,450232597,19.92527488941326
Peyton & Eli Manning x Caesars Sportsbook (2021-11),Peyton & Eli Manning,Caesars Sportsbook,False,CO,CO__Peyton & Eli Manning x Caesars Sportsbook (2021-11),2022-10-01,11,526619777,20.081989360341023
Peyton & Eli Manning x Caesars Sportsbook (2021-11),Peyton & Eli Manning,Caesars Sportsbook,False,CO,CO__Peyton & Eli Manning x Caesars Sportsbook (2021-11),2022-11-01,12,552603013,20.13015042284553
Rob Gronkowski x FanDuel (2023-01),Rob Gronkowski,FanDuel,True,AZ,AZ__Rob Gronkowski x FanDuel (2023-01),2022-07-01,-6,290511533,19.487153833984546
Rob Gronkowski x FanDuel (2023-01),Rob Gronkowski,FanDuel,True,AZ,AZ__Rob Gronkowski x FanDuel (2023-01),2022-08-01,-5,361008835,19.70441298968189
Rob Gronkowski x FanDuel (2023-01),Rob Gronkowski,FanDuel,True,AZ,AZ__Rob Gronkowski x FanDuel (2023-01),2022-09-01,-4,537966149,20.103306196072158
Rob Gronkowski x FanDuel (2023-01),Rob Gronkowski,FanDuel,True,AZ,AZ__Rob Gronkowski x FanDuel (2023-01),2022-10-01,-3,618570296,20.242921398956938
Rob Gronkowski x FanDuel (2023-01),Rob Gronkowski,FanDuel,True,AZ,AZ__Rob Gronkowski x FanDuel (2023-01),2022-11-01,-2,616855045,20.240144619097894
Rob Gronkowski x FanDuel (2023-01),Rob Gronkowski,FanDuel,True,AZ,AZ__Rob Gronkowski x FanDuel (2023-01),2022-12-01,-1,572490899,20.16550739632308
Rob Gronkowski x FanDuel (2023-01),Rob Gronkowski,FanDuel,True,AZ,AZ__Rob Gronkowski x FanDuel (2023-01),2023-01-01,0,591220794,20.197700099510175
Rob Gronkowski x FanDuel (2023-01),Rob Gronkowski,FanDuel,True,AZ,AZ__Rob Gronkowski x FanDuel (2023-01),2023-02-01,1,609278096,20.227785365122337
Rob Gronkowski x FanDuel (2023-01),Rob Gronkowski,FanDuel,True,AZ,AZ__Rob Gronkowski x FanDuel (2023-01),2023-03-01,2,644763991,20.284394902373965
Rob Gronkowski x FanDuel (2023-01),Rob Gronkowski,FanDuel,True,AZ,AZ__Rob Gronkowski x FanDuel (2023-01),2023-04-01,3,535712027,20.099107311597862
Rob Gronkowski x FanDuel (2023-01),Rob Gronkowski,FanDuel,True,AZ,AZ__Rob Gronkowski x FanDuel (2023-01),2023-05-01,4,451717025,19.928566490859865
Rob Gronkowski x FanDuel (2023-01),Rob Gronkowski,FanDuel,True,AZ,AZ__Rob Gronkowski x FanDuel (2023-01),2023-06-01,5,393198858,19.789826041858703
Rob Gronkowski x FanDuel (2023-01),Rob Gronkowski,FanDuel,True,AZ,AZ__Rob Gronkowski x FanDuel (2023-01),2023-07-01,6,323211485,19.59381741925213
Rob Gronkowski x FanDuel (2023-01),Rob Gronkowski,FanDuel,True,AZ,AZ__Rob Gronkowski x FanDuel (2023-01),2023-08-01,7,358875474,19.69848601719878
Rob Gronkowski x FanDuel (2023-01),Rob Gronkowski,FanDuel,True,AZ,AZ__Rob Gronkowski x FanDuel (2023-01),2023-09-01,8,610716285,20.230143063958675
Rob Gronkowski x FanDuel (2023-01),Rob Gronkowski,FanDuel,True,AZ,AZ__Rob Gronkowski x FanDuel (2023-01),2023-10-01,9,648208573,20.289723074440477
Rob Gronkowski x FanDuel (2023-01),Rob Gronkowski,FanDuel,True,AZ,AZ__Rob Gronkowski x FanDuel (2023-01),2023-11-01,10,713586704,20.385814506769496
Rob Gronkowski x FanDuel (2023-01),Rob Gronkowski,FanDuel,True,AZ,AZ__Rob Gronkowski x FanDuel (2023-01),2023-12-01,11,693310960,20.356989172240095
Rob Gronkowski x FanDuel (2023-01),Rob Gronkowski,FanDuel,True,AZ,AZ__Rob Gronkowski x FanDuel (2023-01),2024-01-01,12,706382861,20.375667944502155
Rob Gronkowski x FanDuel (2023-01),Rob Gronkowski,FanDuel,True,CO,CO__Rob Gronkowski x FanDuel (2023-01),2022-07-01,-6,258414808,19.370076634732314
Rob Gronkowski x FanDuel (2023-01),Rob Gronkowski,FanDuel,True,CO,CO__Rob Gronkowski x FanDuel (2023-01),2022-08-01,-5,290107970,19.485763721999323
Rob Gronkowski x FanDuel (2023-01),Rob Gronkowski,FanDuel,True,CO,CO__Rob Gronkowski x FanDuel (2023-01),2022-09-01,-4,450232597,19.92527488941326
Rob Gronkowski x FanDuel (2023-01),Rob Gronkowski,FanDuel,True,CO,CO__Rob Gronkowski x FanDuel (2023-01),2022-10-01,-3,526619777,20.081989360341023
Rob Gronkowski x FanDuel (2023-01),Rob Gronkowski,FanDuel,True,CO,CO__Rob Gronkowski x FanDuel (2023-01),2022-11-01,-2,552603013,20.13015042284553
Rob Gronkowski x FanDuel (2023-01),Rob Gronkowski,FanDuel,True,CO,CO__Rob Gronkowski x FanDuel (2023-01),2022-12-01,-1,518088768,20.06565715233751
Rob Gronkowski x FanDuel (2023-01),Rob Gronkowski,FanDuel,True,CO,CO__Rob Gronkowski x FanDuel (2023-01),2023-01-01,0,547189025,20.12030486741943
Rob Gronkowski x FanDuel (2023-01),Rob Gronkowski,FanDuel,True,CO,CO__Rob Gronkowski x FanDuel (2023-01),2023-02-01,1,425142877,19.86793585156893
Rob Gronkowski x FanDuel (2023-01),Rob Gronkowski,FanDuel,True,CO,CO__Rob Gronkowski x FanDuel (2023-01),2023-03-01,2,494440210,20.018936791706725
Rob Gronkowski x FanDuel (2023-01),Rob Gronkowski,FanDuel,True,CO,CO__Rob Gronkowski x FanDuel (2023-01),2023-04-01,3,417814147,19.850547267212377
Rob Gronkowski x FanDuel (2023-01),Rob Gronkowski,FanDuel,True,CO,CO__Rob Gronkowski x FanDuel (2023-01),2023-05-01,4,385242136,19.769382619237142
Rob Gronkowski x FanDuel (2023-01),Rob Gronkowski,FanDuel,True,CO,CO__Rob Gronkowski x FanDuel (2023-01),2023-06-01,5,310656478,19.554198287306612
Rob Gronkowski x FanDuel (2023-01),Rob Gronkowski,FanDuel,True,CO,CO__Rob Gronkowski x FanDuel (2023-01),2023-07-01,6,281110490,19.454258352861014
Rob Gronkowski x FanDuel (2023-01),Rob Gronkowski,FanDuel,True,CO,CO__Rob Gronkowski x FanDuel (2023-01),2023-08-01,7,306065791,19.53931064007474
Rob Gronkowski x FanDuel (2023-01),Rob Gronkowski,FanDuel,True,CO,CO__Rob Gronkowski x FanDuel (2023-01),2023-09-01,8,512792794,20.05538241120991
Rob Gronkowski x FanDuel (2023-01),Rob Gronkowski,FanDuel,True,CO,CO__Rob Gronkowski x FanDuel (2023-01),2023-10-01,9,554859801,20.13422602898841
Rob Gronkowski x FanDuel (2023-01),Rob Gronkowski,FanDuel,True,CO,CO__Rob Gronkowski x FanDuel (2023-01),2023-11-01,10,608488266,20.22648818672195
Rob Gronkowski x FanDuel (2023-01),Rob Gronkowski,FanDuel,True,CO,CO__Rob Gronkowski x FanDuel (2023-01),2023-12-01,11,716430270,20.389791480189523
Rob Gronkowski x FanDuel (2023-01),Rob Gronkowski,FanDuel,True,CO,CO__Rob Gronkowski x FanDuel (2023-01),2024-01-01,12,596685968,20.20690151621111
Rob Gronkowski x FanDuel (2023-01),Rob Gronkowski,FanDuel,True,CT,CT__Rob Gronkowski x FanDuel (2023-01),2022-07-01,-6,78316775,18.17627237811707
Rob Gronkowski x FanDuel (2023-01),Rob Gronkowski,FanDuel,True,CT,CT__Rob Gronkowski x FanDuel (2023-01),2022-08-01,-5,80037045,18.198000147957803
Rob Gronkowski x FanDuel (2023-01),Rob Gronkowski,FanDuel,True,CT,CT__Rob Gronkowski x FanDuel (2023-01),2022-09-01,-4,130547719,18.68724938072391
Rob Gronkowski x FanDuel (2023-01),Rob Gronkowski,FanDuel,True,CT,CT__Rob Gronkowski x FanDuel (2023-01),2022-10-01,-3,164170106,18.91641367994266
Rob Gronkowski x FanDuel (2023-01),Rob Gronkowski,FanDuel,True,CT,CT__Rob Gronkowski x FanDuel (2023-01),2022-11-01,-2,165026282,18.921615304028855
Rob Gronkowski x FanDuel (2023-01),Rob Gronkowski,FanDuel,True,CT,CT__Rob Gronkowski x FanDuel (2023-01),2022-12-01,-1,160266050,18.892345804756015
Rob Gronkowski x FanDuel (2023-01),Rob Gronkowski,FanDuel,True,CT,CT__Rob Gronkowski x FanDuel (2023-01),2023-01-01,0,167673044,18.93752647445785
Rob Gronkowski x FanDuel (2023-01),Rob Gronkowski,FanDuel,True,CT,CT__Rob Gronkowski x FanDuel (2023-01),2023-02-01,1,136508300,18.731895976601493
Rob Gronkowski x FanDuel (2023-01),Rob Gronkowski,FanDuel,True,CT,CT__Rob Gronkowski x FanDuel (2023-01),2023-03-01,2,159997579,18.890669241833624
Rob Gronkowski x FanDuel (2023-01),Rob Gronkowski,FanDuel,True,CT,CT__Rob Gronkowski x FanDuel (2023-01),2023-04-01,3,126683869,18.657205320690274
Rob Gronkowski x FanDuel (2023-01),Rob Gronkowski,FanDuel,True,CT,CT__Rob Gronkowski x FanDuel (2023-01),2023-05-01,4,109421369,18.51071675794556
Rob Gronkowski x FanDuel (2023-01),Rob Gronkowski,FanDuel,True,CT,CT__Rob Gronkowski x FanDuel (2023-01),2023-06-01,5,91414677,18.33091660340152
Rob Gronkowski x FanDuel (2023-01),Rob Gronkowski,FanDuel,True,CT,CT__Rob Gronkowski x FanDuel (2023-01),2023-07-01,6,91512897,18.331990471132787
Rob Gronkowski x FanDuel (2023-01),Rob Gronkowski,FanDuel,True,CT,CT__Rob Gronkowski x FanDuel (2023-01),2023-08-01,7,91316807,18.32984541405619
Rob Gronkowski x FanDuel (2023-01),Rob Gronkowski,FanDuel,True,CT,CT__Rob Gronkowski x FanDuel (2023-01),2023-09-01,8,180954956,19.013758696380393
Rob Gronkowski x FanDuel (2023-01),Rob Gronkowski,FanDuel,True,CT,CT__Rob Gronkowski x FanDuel (2023-01),2023-10-01,9,189626160,19.06056511295111
Rob Gronkowski x FanDuel (2023-01),Rob Gronkowski,FanDuel,True,CT,CT__Rob Gronkowski x FanDuel (2023-01),2023-11-01,10,205736989,19.14210915858388
Rob Gronkowski x FanDuel (2023-01),Rob Gronkowski,FanDuel,True,CT,CT__Rob Gronkowski x FanDuel (2023-01),2023-12-01,11,212171045,19.172903323372925
Rob Gronkowski x FanDuel (2023-01),Rob Gronkowski,FanDuel,True,CT,CT__Rob Gronkowski x FanDuel (2023-01),2024-01-01,12,202752249,19.127495343376697
Shaquille O'Neal x WynnBET (2021-08),Shaquille O'Neal,WynnBET,False,CO,CO__Shaquille O'Neal x WynnBET (2021-08),2021-02-01,-6,266549207,19.401069426177035
Shaquille O'Neal x WynnBET (2021-08),Shaquille O'Neal,WynnBET,False,CO,CO__Shaquille O'Neal x WynnBET (2021-08),2021-03-01,-5,300990842,19.522590397001125
Shaquille O'Neal x WynnBET (2021-08),Shaquille O'Neal,WynnBET,False,CO,CO__Shaquille O'Neal x WynnBET (2021-08),2021-04-01,-4,244446760,19.31450809265687
Shaquille O'Neal x WynnBET (2021-08),Shaquille O'Neal,WynnBET,False,CO,CO__Shaquille O'Neal x WynnBET (2021-08),2021-05-01,-3,248968193,19.332835707313844
Shaquille O'Neal x WynnBET (2021-08),Shaquille O'Neal,WynnBET,False,CO,CO__Shaquille O'Neal x WynnBET (2021-08),2021-06-01,-2,229764688,19.2525662475157
Shaquille O'Neal x WynnBET (2021-08),Shaquille O'Neal,WynnBET,False,CO,CO__Shaquille O'Neal x WynnBET (2021-08),2021-07-01,-1,181327995,19.015818076380526
Shaquille O'Neal x WynnBET (2021-08),Shaquille O'Neal,WynnBET,False,CO,CO__Shaquille O'Neal x WynnBET (2021-08),2021-08-01,0,211918185,19.17171083833875
Shaquille O'Neal x WynnBET (2021-08),Shaquille O'Neal,WynnBET,False,CO,CO__Shaquille O'Neal x WynnBET (2021-08),2021-09-01,1,408314625,19.827548574898863
Shaquille O'Neal x WynnBET (2021-08),Shaquille O'Neal,WynnBET,False,CO,CO__Shaquille O'Neal x WynnBET (2021-08),2021-10-01,2,491453342,20.01287756323866
Shaquille O'Neal x WynnBET (2021-08),Shaquille O'Neal,WynnBET,False,CO,CO__Shaquille O'Neal x WynnBET (2021-08),2021-11-01,3,475441229,19.979753833993257
Shaquille O'Neal x WynnBET (2021-08),Shaquille O'Neal,WynnBET,False,CO,CO__Shaquille O'Neal x WynnBET (2021-08),2021-12-01,4,461448574,19.94988117341212
Shaquille O'Neal x WynnBET (2021-08),Shaquille O'Neal,WynnBET,False,CO,CO__Shaquille O'Neal x WynnBET (2021-08),2022-01-01,5,573720213,20.16765240165146
Shaquille O'Neal x WynnBET (2021-08),Shaquille O'Neal,WynnBET,False,CO,CO__Shaquille O'Neal x WynnBET (2021-08),2022-02-01,6,440508421,19.903440120070382
Shaquille O'Neal x WynnBET (2021-08),Shaquille O'Neal,WynnBET,False,CO,CO__Shaquille O'Neal x WynnBET (2021-08),2022-03-01,7,505611080,20.041278315113765
Shaquille O'Neal x WynnBET (2021-08),Shaquille O'Neal,WynnBET,False,CO,CO__Shaquille O'Neal x WynnBET (2021-08),2022-04-01,8,392311737,19.787567329162005
Shaquille O'Neal x WynnBET (2021-08),Shaquille O'Neal,WynnBET,False,CO,CO__Shaquille O'Neal x WynnBET (2021-08),2022-05-01,9,360325438,19.70251817550198
Shaquille O'Neal x WynnBET (2021-08),Shaquille O'Neal,WynnBET,False,CO,CO__Shaquille O'Neal x WynnBET (2021-08),2022-06-01,10,313215081,19.56240067226268
Shaquille O'Neal x WynnBET (2021-08),Shaquille O'Neal,WynnBET,False,CO,CO__Shaquille O'Neal x WynnBET (2021-08),2022-07-01,11,258414808,19.370076634732314
Shaquille O'Neal x WynnBET (2021-08),Shaquille O'Neal,WynnBET,False,CO,CO__Shaquille O'Neal x WynnBET (2021-08),2022-08-01,12,290107970,19.485763721999323
